,game_id,eventnum,player_id,player_name,lineup,stat_type,stat_value
0,22200002,9,203076,Anthony Davis,"('201939', '202691', '203110', '203952', '1626172')",PTS,2
1,22200002,37,1626172,Kevon Looney,"('201939', '202691', '203110', '203952', '1626172')",PTS,2
2,22200002,44,203076,Anthony Davis,"('201939', '202691', '203110', '203952', '1626172')",PTS,2
3,22200002,58,203952,Andrew Wiggins,"('201939', '202691', '203110', '203952', '1626172')",PTS,2
4,22200002,60,201566,Russell Westbrook,"('201939', '202691', '203110', '203952', '1626172')",PTS,2
5,22200002,64,201939,Stephen Curry,"('201939', '202691', '203110', '203952', '1626172')",PTS,2
6,22200002,74,1630559,Austin Reaves,"('201939', '203110', '203952', '1626172', '1629673')",PTS,2
7,22200002,88,203952,Andrew Wiggins,"('201939', '203110', '203952', '1626172', '1629673')",PTS,2
8,22200002,98,2544,LeBron James,"('201939', '203210', '203952', '1629673', '1630164')",PTS,2
9,22200002,135,203076,Anthony Davis,"('201939', '203210', '1629673', '1630164', '1630228')",PTS,2
10,22200002,139,203076,Anthony Davis,"('201939', '203210', '1629673', '1630164', '1630228')",PTS,2
11,22200002,233,2544,LeBron James,"('203210', '1628978', '1629673', '1630164', '1630228')",PTS,2
12,22200002,240,1629673,Jordan Poole,"('203210', '1628978', '1629673', '1630164', '1630228')",PTS,2
13,22200002,252,2544,LeBron James,"('1628978', '1629673', '1630164', '1630228', '1630541')",PTS,2
14,22200002,253,1630164,James Wiseman,"('1628978', '1629673', '1630164', '1630228', '1630541')",PTS,2
15,22200002,265,1630164,James Wiseman,"('1628978', '1629673', '1630164', '1630228', '1630541')",PTS,2
16,22200002,278,1628978,Donte DiVincenzo,"('201939', '203952', '1628978', '1630164', '1630541')",PTS,2
17,22200002,279,203076,Anthony Davis,"('201939', '203952', '1628978', '1630164', '1630541')",PTS,2
18,22200002,287,203076,Anthony Davis,"('201939', '203952', '1628978', '1630164', '1630541')",PTS,2
19,22200002,310,1630541,Moses Moody,"('201939', '203110', '203952', '1626172', '1630541')",PTS,2
20,22200002,325,201939,Stephen Curry,"('201939', '203110', '203952', '1626172', '1630541')",PTS,2
21,22200002,326,201566,Russell Westbrook,"('201939', '203110', '203952', '1626172', '1630541')",PTS,2
22,22200002,330,201566,Russell Westbrook,"('201939', '203110', '203952', '1626172', '1630541')",PTS,2
23,22200002,338,201939,Stephen Curry,"('201939', '202691', '203110', '203952', '1629673')",PTS,2
24,22200002,345,201939,Stephen Curry,"('201939', '202691', '203110', '203952', '1629673')",PTS,2
25,22200002,356,2544,LeBron James,"('201939', '202691', '203110', '203952', '1629673')",PTS,2
26,22200002,358,203110,Draymond Green,"('201939', '202691', '203110', '203952', '1629673')",PTS,2
27,22200002,374,202691,Klay Thompson,"('201939', '202691', '203110', '203952', '1629673')",PTS,2
28,22200002,382,2544,LeBron James,"('201939', '202691', '203110', '203952', '1629673')",PTS,2
29,22200002,401,202691,Klay Thompson,"('201939', '202691', '203110', '203952', '1629673')",PTS,2
30,22200002,403,201566,Russell Westbrook,"('201939', '202691', '203110', '203952', '1629673')",PTS,2
31,22200002,408,201939,Stephen Curry,"('201939', '202691', '203110', '203952', '1629673')",PTS,2
32,22200002,409,1629022,Lonnie Walker IV,"('201939', '202691', '203110', '203952', '1629673')",PTS,2
33,22200002,433,202691,Klay Thompson,"('201939', '202691', '203110', '203952', '1626172')",PTS,2
34,22200002,437,202691,Klay Thompson,"('201939', '202691', '203110', '203952', '1626172')",PTS,2
35,22200002,449,203952,Andrew Wiggins,"('201939', '202691', '203110', '203952', '1626172')",PTS,2
36,22200002,469,2544,LeBron James,"('201939', '202691', '203110', '203952', '1626172')",PTS,2
37,22200002,472,1626172,Kevon Looney,"('201939', '202691', '203110', '203952', '1626172')",PTS,2
38,22200002,487,203952,Andrew Wiggins,"('201939', '202691', '203110', '203952', '1626172')",PTS,2
39,22200002,493,203110,Draymond Green,"('201939', '202691', '203110', '203952', '1626172')",PTS,2
40,22200002,510,203076,Anthony Davis,"('201939', '203110', '203952', '1626172', '1629673')",PTS,2
41,22200002,541,1626172,Kevon Looney,"('201939', '203210', '203952', '1626172', '1629673')",PTS,2
42,22200002,585,1630164,James Wiseman,"('201939', '203210', '1629673', '1630164', '1630228')",PTS,2
43,22200002,595,2544,LeBron James,"('203210', '1628978', '1629673', '1630164', '1630228')",PTS,2
44,22200002,621,1629673,Jordan Poole,"('202691', '203110', '203210', '1628978', '1629673')",PTS,2
45,22200002,623,1629022,Lonnie Walker IV,"('202691', '203110', '203210', '1628978', '1629673')",PTS,2
46,22200002,631,2544,LeBron James,"('202691', '203110', '203210', '1628978', '1629673')",PTS,2
47,22200002,653,2544,LeBron James,"('202691', '203110', '203210', '1628978', '1629673')",PTS,2
48,22200002,659,1628978,Donte DiVincenzo,"('202691', '203110', '203210', '1628978', '1629673')",PTS,2
49,22200002,674,203210,JaMychal Green,"('202691', '203110', '203210', '1628978', '1629673')",PTS,2
50,22200002,703,203076,Anthony Davis,"('201939', '203210', '203952', '1626172', '1628978')",PTS,2
51,22200002,709,1629134,Kendrick Nunn,"('201939', '203210', '203952', '1626172', '1628978')",PTS,2
52,22200002,714,201566,Russell Westbrook,"('201939', '203210', '203952', '1626172', '1628978')",PTS,2
53,22200002,719,203076,Anthony Davis,"('201939', '203210', '203952', '1626172', '1628978')",PTS,2
54,22200002,725,201939,Stephen Curry,"('201939', '203210', '203952', '1626172', '1628978')",PTS,2
55,22200002,726,1629134,Kendrick Nunn,"('201939', '203210', '203952', '1626172', '1628978')",PTS,2
56,22200002,741,203076,Anthony Davis,"('201939', '203210', '203952', '1626172', '1628978')",PTS,2
57,22200002,744,201566,Russell Westbrook,"('201939', '203210', '203952', '1626172', '1628978')",PTS,2
58,22200002,773,1630164,James Wiseman,"('1628978', '1630164', '1630228', '1630541', '1631157')",PTS,2
59,22200002,82,1629673,Jordan Poole,"('201939', '203110', '203952', '1626172', '1629673')",PTS,3
60,22200002,91,1629673,Jordan Poole,"('201939', '203110', '203952', '1626172', '1629673')",PTS,3
61,22200002,106,203210,JaMychal Green,"('201939', '203210', '203952', '1629673', '1630164')",PTS,3
62,22200002,108,1629134,Kendrick Nunn,"('201939', '203210', '203952', '1629673', '1630164')",PTS,3
63,22200002,261,1630541,Moses Moody,"('1628978', '1629673', '1630164', '1630228', '1630541')",PTS,3
64,22200002,268,1630346,Matt Ryan,"('1628978', '1629673', '1630164', '1630228', '1630541')",PTS,3
65,22200002,281,203952,Andrew Wiggins,"('201939', '203952', '1628978', '1630164', '1630541')",PTS,3
66,22200002,378,201566,Russell Westbrook,"('201939', '202691', '203110', '203952', '1629673')",PTS,3
67,22200002,435,1629134,Kendrick Nunn,"('201939', '202691', '203110', '203952', '1626172')",PTS,3
68,22200002,439,2544,LeBron James,"('201939', '202691', '203110', '203952', '1626172')",PTS,3
69,22200002,441,202691,Klay Thompson,"('201939', '202691', '203110', '203952', '1626172')",PTS,3
70,22200002,521,203210,JaMychal Green,"('201939', '203210', '203952', '1626172', '1629673')",PTS,3
71,22200002,525,201939,Stephen Curry,"('201939', '203210', '203952', '1626172', '1629673')",PTS,3
72,22200002,535,201939,Stephen Curry,"('201939', '203210', '203952', '1626172', '1629673')",PTS,3
73,22200002,604,2544,LeBron James,"('203210', '1628978', '1629673', '1630164', '1630228')",PTS,3
74,22200002,675,201976,Patrick Beverley,"('202691', '203110', '203210', '1628978', '1629673')",PTS,3
75,22200002,679,1629134,Kendrick Nunn,"('202691', '203110', '203210', '1628978', '1629673')",PTS,3
76,22200002,680,202691,Klay Thompson,"('202691', '203110', '203210', '1628978', '1629673')",PTS,3
77,22200002,707,1628978,Donte DiVincenzo,"('201939', '203210', '203952', '1626172', '1628978')",PTS,3
78,22200002,717,203952,Andrew Wiggins,"('201939', '203210', '203952', '1626172', '1628978')",PTS,3
79,22200002,721,201939,Stephen Curry,"('201939', '203210', '203952', '1626172', '1628978')",PTS,3
80,22200002,723,2544,LeBron James,"('201939', '203210', '203952', '1626172', '1628978')",PTS,3
81,22200002,728,201939,Stephen Curry,"('201939', '203210', '203952', '1626172', '1628978')",PTS,3
82,22200002,743,203952,Andrew Wiggins,"('201939', '203210', '203952', '1626172', '1628978')",PTS,3
83,22200002,745,203952,Andrew Wiggins,"('201939', '203210', '203952', '1626172', '1628978')",PTS,3
84,22200002,787,1631108,Max Christie,"('1628978', '1630164', '1630228', '1630541', '1631157')",PTS,3
85,22200002,18,202691,Klay Thompson,"('201939', '202691', '203110', '203952', '1626172')",PTS,1
86,22200002,19,202691,Klay Thompson,"('201939', '202691', '203110', '203952', '1626172')",PTS,1
87,22200002,43,1626172,Kevon Looney,"('201939', '202691', '203110', '203952', '1626172')",PTS,1
88,22200002,54,201939,Stephen Curry,"('201939', '202691', '203110', '203952', '1626172')",PTS,1
89,22200002,55,201939,Stephen Curry,"('201939', '202691', '203110', '203952', '1626172')",PTS,1
90,22200002,81,1630559,Austin Reaves,"('201939', '203110', '203952', '1626172', '1629673')",PTS,1
91,22200002,87,1629022,Lonnie Walker IV,"('201939', '203110', '203952', '1626172', '1629673')",PTS,1
92,22200002,101,2544,LeBron James,"('201939', '203210', '203952', '1629673', '1630164')",PTS,1
93,22200002,128,203076,Anthony Davis,"('201939', '203210', '1629673', '1630164', '1630228')",PTS,1
94,22200002,142,203076,Anthony Davis,"('201939', '203210', '1629673', '1630164', '1630228')",PTS,1
95,22200002,183,1628978,Donte DiVincenzo,"('203210', '1628978', '1629673', '1630164', '1630228')",PTS,1
96,22200002,204,1629673,Jordan Poole,"('203210', '1628978', '1629673', '1630164', '1630228')",PTS,1
97,22200002,205,1629673,Jordan Poole,"('203210', '1628978', '1629673', '1630164', '1630228')",PTS,1
98,22200002,333,201939,Stephen Curry,"('201939', '203110', '203952', '1626172', '1630541')",PTS,1
99,22200002,355,201939,Stephen Curry,"('201939', '202691', '203110', '203952', '1629673')",PTS,1
100,22200002,385,2544,LeBron James,"('201939', '202691', '203110', '203952', '1629673')",PTS,1
101,22200002,388,201939,Stephen Curry,"('201939', '202691', '203110', '203952', '1629673')",PTS,1
102,22200002,389,201939,Stephen Curry,"('201939', '202691', '203110', '203952', '1629673')",PTS,1
103,22200002,394,203076,Anthony Davis,"('201939', '202691', '203110', '203952', '1629673')",PTS,1
104,22200002,415,2544,LeBron James,"('201939', '202691', '203110', '203952', '1629673')",PTS,1
105,22200002,418,2544,LeBron James,"('201939', '202691', '203110', '1626172', '1629673')",PTS,1
106,22200002,447,203076,Anthony Davis,"('201939', '202691', '203110', '203952', '1626172')",PTS,1
107,22200002,448,203076,Anthony Davis,"('201939', '202691', '203110', '203952', '1626172')",PTS,1
108,22200002,463,201939,Stephen Curry,"('201939', '202691', '203110', '203952', '1626172')",PTS,1
109,22200002,464,201939,Stephen Curry,"('201939', '202691', '203110', '203952', '1626172')",PTS,1
110,22200002,483,202691,Klay Thompson,"('201939', '202691', '203110', '203952', '1626172')",PTS,1
111,22200002,484,202691,Klay Thompson,"('201939', '202691', '203110', '203952', '1626172')",PTS,1
112,22200002,589,201566,Russell Westbrook,"('201939', '203210', '1629673', '1630164', '1630228')",PTS,1
113,22200002,592,201566,Russell Westbrook,"('203210', '1628978', '1629673', '1630164', '1630228')",PTS,1
114,22200002,695,203076,Anthony Davis,"('201939', '203110', '203210', '203952', '1628978')",PTS,1
115,22200002,698,203076,Anthony Davis,"('201939', '203210', '203952', '1626172', '1628978')",PTS,1
116,22200002,734,201939,Stephen Curry,"('201939', '203210', '203952', '1626172', '1628978')",PTS,1
117,22200002,737,201566,Russell Westbrook,"('201939', '203210', '203952', '1626172', '1628978')",PTS,1
118,22200002,738,201566,Russell Westbrook,"('201939', '203210', '203952', '1626172', '1628978')",PTS,1
119,22200002,783,1630590,Scotty Pippen Jr.,"('1628978', '1630164', '1630228', '1630541', '1631157')",PTS,1
120,22200002,784,1630590,Scotty Pippen Jr.,"('1628978', '1630164', '1630228', '1630541', '1631157')",PTS,1
121,22200002,37,202691,Klay Thompson,"('201939', '202691', '203110', '203952', '1626172')",AST,1
122,22200002,44,1629022,Lonnie Walker IV,"('201939', '202691', '203110', '203952', '1626172')",AST,1
123,22200002,58,201939,Stephen Curry,"('201939', '202691', '203110', '203952', '1626172')",AST,1
124,22200002,74,201566,Russell Westbrook,"('201939', '203110', '203952', '1626172', '1629673')",AST,1
125,22200002,91,201939,Stephen Curry,"('201939', '203110', '203952', '1626172', '1629673')",AST,1
126,22200002,106,203952,Andrew Wiggins,"('201939', '203210', '203952', '1629673', '1630164')",AST,1
127,22200002,108,1630559,Austin Reaves,"('201939', '203210', '203952', '1629673', '1630164')",AST,1
128,22200002,135,201566,Russell Westbrook,"('201939', '203210', '1629673', '1630164', '1630228')",AST,1
129,22200002,253,1628978,Donte DiVincenzo,"('1628978', '1629673', '1630164', '1630228', '1630541')",AST,1
130,22200002,261,1629673,Jordan Poole,"('1628978', '1629673', '1630164', '1630228', '1630541')",AST,1
131,22200002,265,1629673,Jordan Poole,"('1628978', '1629673', '1630164', '1630228', '1630541')",AST,1
132,22200002,268,1629117,Wenyen Gabriel,"('1628978', '1629673', '1630164', '1630228', '1630541')",AST,1
133,22200002,279,201976,Patrick Beverley,"('201939', '203952', '1628978', '1630164', '1630541')",AST,1
134,22200002,281,201939,Stephen Curry,"('201939', '203952', '1628978', '1630164', '1630541')",AST,1
135,22200002,287,2544,LeBron James,"('201939', '203952', '1628978', '1630164', '1630541')",AST,1
136,22200002,310,201939,Stephen Curry,"('201939', '203110', '203952', '1626172', '1630541')",AST,1
137,22200002,338,203110,Draymond Green,"('201939', '202691', '203110', '203952', '1629673')",AST,1
138,22200002,345,1629673,Jordan Poole,"('201939', '202691', '203110', '203952', '1629673')",AST,1
139,22200002,356,201566,Russell Westbrook,"('201939', '202691', '203110', '203952', '1629673')",AST,1
140,22200002,358,1629673,Jordan Poole,"('201939', '202691', '203110', '203952', '1629673')",AST,1
141,22200002,378,2544,LeBron James,"('201939', '202691', '203110', '203952', '1629673')",AST,1
142,22200002,401,1629673,Jordan Poole,"('201939', '202691', '203110', '203952', '1629673')",AST,1
143,22200002,409,2544,LeBron James,"('201939', '202691', '203110', '203952', '1629673')",AST,1
144,22200002,433,1626172,Kevon Looney,"('201939', '202691', '203110', '203952', '1626172')",AST,1
145,22200002,435,2544,LeBron James,"('201939', '202691', '203110', '203952', '1626172')",AST,1
146,22200002,437,203110,Draymond Green,"('201939', '202691', '203110', '203952', '1626172')",AST,1
147,22200002,439,1629022,Lonnie Walker IV,"('201939', '202691', '203110', '203952', '1626172')",AST,1
148,22200002,441,203110,Draymond Green,"('201939', '202691', '203110', '203952', '1626172')",AST,1
149,22200002,449,202691,Klay Thompson,"('201939', '202691', '203110', '203952', '1626172')",AST,1
150,22200002,469,1629022,Lonnie Walker IV,"('201939', '202691', '203110', '203952', '1626172')",AST,1
151,22200002,472,202691,Klay Thompson,"('201939', '202691', '203110', '203952', '1626172')",AST,1
152,22200002,487,201939,Stephen Curry,"('201939', '202691', '203110', '203952', '1626172')",AST,1
153,22200002,493,203952,Andrew Wiggins,"('201939', '202691', '203110', '203952', '1626172')",AST,1
154,22200002,510,2544,LeBron James,"('201939', '203110', '203952', '1626172', '1629673')",AST,1
155,22200002,521,203952,Andrew Wiggins,"('201939', '203210', '203952', '1626172', '1629673')",AST,1
156,22200002,525,203952,Andrew Wiggins,"('201939', '203210', '203952', '1626172', '1629673')",AST,1
157,22200002,585,1629673,Jordan Poole,"('201939', '203210', '1629673', '1630164', '1630228')",AST,1
158,22200002,621,203110,Draymond Green,"('202691', '203110', '203210', '1628978', '1629673')",AST,1
159,22200002,631,1629022,Lonnie Walker IV,"('202691', '203110', '203210', '1628978', '1629673')",AST,1
160,22200002,659,203110,Draymond Green,"('202691', '203110', '203210', '1628978', '1629673')",AST,1
161,22200002,675,1629022,Lonnie Walker IV,"('202691', '203110', '203210', '1628978', '1629673')",AST,1
162,22200002,680,1629673,Jordan Poole,"('202691', '203110', '203210', '1628978', '1629673')",AST,1
163,22200002,707,201939,Stephen Curry,"('201939', '203210', '203952', '1626172', '1628978')",AST,1
164,22200002,709,2544,LeBron James,"('201939', '203210', '203952', '1626172', '1628978')",AST,1
165,22200002,714,1629134,Kendrick Nunn,"('201939', '203210', '203952', '1626172', '1628978')",AST,1
166,22200002,719,2544,LeBron James,"('201939', '203210', '203952', '1626172', '1628978')",AST,1
167,22200002,721,1628978,Donte DiVincenzo,"('201939', '203210', '203952', '1626172', '1628978')",AST,1
168,22200002,723,201976,Patrick Beverley,"('201939', '203210', '203952', '1626172', '1628978')",AST,1
169,22200002,726,2544,LeBron James,"('201939', '203210', '203952', '1626172', '1628978')",AST,1
170,22200002,728,1626172,Kevon Looney,"('201939', '203210', '203952', '1626172', '1628978')",AST,1
171,22200002,741,1629134,Kendrick Nunn,"('201939', '203210', '203952', '1626172', '1628978')",AST,1
172,22200002,745,201939,Stephen Curry,"('201939', '203210', '203952', '1626172', '1628978')",AST,1
173,22200002,773,1631157,Ryan Rollins,"('1628978', '1630164', '1630228', '1630541', '1631157')",AST,1
174,22200002,787,1631306,Cole Swider,"('1628978', '1630164', '1630228', '1630541', '1631157')",AST,1
175,22200002,9,203076,Anthony Davis,"('201939', '202691', '203110', '203952', '1626172')",FGA,1
176,22200002,10,203952,Andrew Wiggins,"('201939', '202691', '203110', '203952', '1626172')",FGA,1
177,22200002,12,201976,Patrick Beverley,"('201939', '202691', '203110', '203952', '1626172')",FGA,1
178,22200002,23,203076,Anthony Davis,"('201939', '202691', '203110', '203952', '1626172')",FGA,1
179,22200002,25,203110,Draymond Green,"('201939', '202691', '203110', '203952', '1626172')",FGA,1
180,22200002,29,202691,Klay Thompson,"('201939', '202691', '203110', '203952', '1626172')",FGA,1
181,22200002,31,201976,Patrick Beverley,"('201939', '202691', '203110', '203952', '1626172')",FGA,1
182,22200002,33,203110,Draymond Green,"('201939', '202691', '203110', '203952', '1626172')",FGA,1
183,22200002,35,2544,LeBron James,"('201939', '202691', '203110', '203952', '1626172')",FGA,1
184,22200002,37,1626172,Kevon Looney,"('201939', '202691', '203110', '203952', '1626172')",FGA,1
185,22200002,44,203076,Anthony Davis,"('201939', '202691', '203110', '203952', '1626172')",FGA,1
186,22200002,48,202691,Klay Thompson,"('201939', '202691', '203110', '203952', '1626172')",FGA,1
187,22200002,50,2544,LeBron James,"('201939', '202691', '203110', '203952', '1626172')",FGA,1
188,22200002,56,2544,LeBron James,"('201939', '202691', '203110', '203952', '1626172')",FGA,1
189,22200002,58,203952,Andrew Wiggins,"('201939', '202691', '203110', '203952', '1626172')",FGA,1
190,22200002,60,201566,Russell Westbrook,"('201939', '202691', '203110', '203952', '1626172')",FGA,1
191,22200002,61,201939,Stephen Curry,"('201939', '202691', '203110', '203952', '1626172')",FGA,1
192,22200002,64,201939,Stephen Curry,"('201939', '202691', '203110', '203952', '1626172')",FGA,1
193,22200002,68,201939,Stephen Curry,"('201939', '203110', '203952', '1626172', '1629673')",FGA,1
194,22200002,70,201566,Russell Westbrook,"('201939', '203110', '203952', '1626172', '1629673')",FGA,1
195,22200002,74,1630559,Austin Reaves,"('201939', '203110', '203952', '1626172', '1629673')",FGA,1
196,22200002,82,1629673,Jordan Poole,"('201939', '203110', '203952', '1626172', '1629673')",FGA,1
197,22200002,88,203952,Andrew Wiggins,"('201939', '203110', '203952', '1626172', '1629673')",FGA,1
198,22200002,91,1629673,Jordan Poole,"('201939', '203110', '203952', '1626172', '1629673')",FGA,1
199,22200002,98,2544,LeBron James,"('201939', '203210', '203952', '1629673', '1630164')",FGA,1
200,22200002,102,201939,Stephen Curry,"('201939', '203210', '203952', '1629673', '1630164')",FGA,1
201,22200002,104,203076,Anthony Davis,"('201939', '203210', '203952', '1629673', '1630164')",FGA,1
202,22200002,106,203210,JaMychal Green,"('201939', '203210', '203952', '1629673', '1630164')",FGA,1
203,22200002,108,1629134,Kendrick Nunn,"('201939', '203210', '203952', '1629673', '1630164')",FGA,1
204,22200002,114,1629673,Jordan Poole,"('201939', '203210', '203952', '1629673', '1630164')",FGA,1
205,22200002,116,203952,Andrew Wiggins,"('201939', '203210', '203952', '1629673', '1630164')",FGA,1
206,22200002,132,201939,Stephen Curry,"('201939', '203210', '1629673', '1630164', '1630228')",FGA,1
207,22200002,135,203076,Anthony Davis,"('201939', '203210', '1629673', '1630164', '1630228')",FGA,1
208,22200002,139,203076,Anthony Davis,"('201939', '203210', '1629673', '1630164', '1630228')",FGA,1
209,22200002,143,1630164,James Wiseman,"('201939', '203210', '1629673', '1630164', '1630228')",FGA,1
210,22200002,148,1629673,Jordan Poole,"('201939', '203210', '1629673', '1630164', '1630228')",FGA,1
211,22200002,150,201939,Stephen Curry,"('201939', '203210', '1629673', '1630164', '1630228')",FGA,1
212,22200002,154,203210,JaMychal Green,"('201939', '203210', '1629673', '1630164', '1630228')",FGA,1
213,22200002,163,1629308,Juan Toscano-Anderson,"('203210', '1628978', '1629673', '1630164', '1630228')",FGA,1
214,22200002,165,1629673,Jordan Poole,"('203210', '1628978', '1629673', '1630164', '1630228')",FGA,1
215,22200002,169,1629134,Kendrick Nunn,"('203210', '1628978', '1629673', '1630164', '1630228')",FGA,1
216,22200002,174,201566,Russell Westbrook,"('203210', '1628978', '1629673', '1630164', '1630228')",FGA,1
217,22200002,177,1629308,Juan Toscano-Anderson,"('203210', '1628978', '1629673', '1630164', '1630228')",FGA,1
218,22200002,184,1629117,Wenyen Gabriel,"('203210', '1628978', '1629673', '1630164', '1630228')",FGA,1
219,22200002,187,2544,LeBron James,"('203210', '1628978', '1629673', '1630164', '1630228')",FGA,1
220,22200002,791,2544,LeBron James,"('203210', '1628978', '1629673', '1630164', '1630228')",FGA,1
221,22200002,210,1629308,Juan Toscano-Anderson,"('203210', '1628978', '1629673', '1630164', '1630228')",FGA,1
222,22200002,215,201939,Stephen Curry,"('201939', '203210', '1628978', '1629673', '1630164')",FGA,1
223,22200002,233,2544,LeBron James,"('203210', '1628978', '1629673', '1630164', '1630228')",FGA,1
224,22200002,234,1628978,Donte DiVincenzo,"('203210', '1628978', '1629673', '1630164', '1630228')",FGA,1
225,22200002,236,1630164,James Wiseman,"('203210', '1628978', '1629673', '1630164', '1630228')",FGA,1
226,22200002,238,201976,Patrick Beverley,"('203210', '1628978', '1629673', '1630164', '1630228')",FGA,1
227,22200002,240,1629673,Jordan Poole,"('203210', '1628978', '1629673', '1630164', '1630228')",FGA,1
228,22200002,243,2544,LeBron James,"('203210', '1628978', '1629673', '1630164', '1630228')",FGA,1
229,22200002,245,1629022,Lonnie Walker IV,"('203210', '1628978', '1629673', '1630164', '1630228')",FGA,1
230,22200002,250,1629673,Jordan Poole,"('1628978', '1629673', '1630164', '1630228', '1630541')",FGA,1
231,22200002,252,2544,LeBron James,"('1628978', '1629673', '1630164', '1630228', '1630541')",FGA,1
232,22200002,253,1630164,James Wiseman,"('1628978', '1629673', '1630164', '1630228', '1630541')",FGA,1
233,22200002,255,2544,LeBron James,"('1628978', '1629673', '1630164', '1630228', '1630541')",FGA,1
234,22200002,261,1630541,Moses Moody,"('1628978', '1629673', '1630164', '1630228', '1630541')",FGA,1
235,22200002,263,2544,LeBron James,"('1628978', '1629673', '1630164', '1630228', '1630541')",FGA,1
236,22200002,265,1630164,James Wiseman,"('1628978', '1629673', '1630164', '1630228', '1630541')",FGA,1
237,22200002,268,1630346,Matt Ryan,"('1628978', '1629673', '1630164', '1630228', '1630541')",FGA,1
238,22200002,278,1628978,Donte DiVincenzo,"('201939', '203952', '1628978', '1630164', '1630541')",FGA,1
239,22200002,279,203076,Anthony Davis,"('201939', '203952', '1628978', '1630164', '1630541')",FGA,1
240,22200002,281,203952,Andrew Wiggins,"('201939', '203952', '1628978', '1630164', '1630541')",FGA,1
241,22200002,283,2544,LeBron James,"('201939', '203952', '1628978', '1630164', '1630541')",FGA,1
242,22200002,285,1630541,Moses Moody,"('201939', '203952', '1628978', '1630164', '1630541')",FGA,1
243,22200002,287,203076,Anthony Davis,"('201939', '203952', '1628978', '1630164', '1630541')",FGA,1
244,22200002,303,203076,Anthony Davis,"('201939', '203110', '203952', '1630164', '1630541')",FGA,1
245,22200002,305,201939,Stephen Curry,"('201939', '203110', '203952', '1630164', '1630541')",FGA,1
246,22200002,310,1630541,Moses Moody,"('201939', '203110', '203952', '1626172', '1630541')",FGA,1
247,22200002,312,203076,Anthony Davis,"('201939', '203110', '203952', '1626172', '1630541')",FGA,1
248,22200002,318,1630541,Moses Moody,"('201939', '203110', '203952', '1626172', '1630541')",FGA,1
249,22200002,320,203076,Anthony Davis,"('201939', '203110', '203952', '1626172', '1630541')",FGA,1
250,22200002,325,201939,Stephen Curry,"('201939', '203110', '203952', '1626172', '1630541')",FGA,1
251,22200002,326,201566,Russell Westbrook,"('201939', '203110', '203952', '1626172', '1630541')",FGA,1
252,22200002,328,203952,Andrew Wiggins,"('201939', '203110', '203952', '1626172', '1630541')",FGA,1
253,22200002,330,201566,Russell Westbrook,"('201939', '203110', '203952', '1626172', '1630541')",FGA,1
254,22200002,338,201939,Stephen Curry,"('201939', '202691', '203110', '203952', '1629673')",FGA,1
255,22200002,340,1629134,Kendrick Nunn,"('201939', '202691', '203110', '203952', '1629673')",FGA,1
256,22200002,345,201939,Stephen Curry,"('201939', '202691', '203110', '203952', '1629673')",FGA,1
257,22200002,356,2544,LeBron James,"('201939', '202691', '203110', '203952', '1629673')",FGA,1
258,22200002,358,203110,Draymond Green,"('201939', '202691', '203110', '203952', '1629673')",FGA,1
259,22200002,361,203076,Anthony Davis,"('201939', '202691', '203110', '203952', '1629673')",FGA,1
260,22200002,363,202691,Klay Thompson,"('201939', '202691', '203110', '203952', '1629673')",FGA,1
261,22200002,368,201939,Stephen Curry,"('201939', '202691', '203110', '203952', '1629673')",FGA,1
262,22200002,370,203076,Anthony Davis,"('201939', '202691', '203110', '203952', '1629673')",FGA,1
263,22200002,372,2544,LeBron James,"('201939', '202691', '203110', '203952', '1629673')",FGA,1
264,22200002,374,202691,Klay Thompson,"('201939', '202691', '203110', '203952', '1629673')",FGA,1
265,22200002,378,201566,Russell Westbrook,"('201939', '202691', '203110', '203952', '1629673')",FGA,1
266,22200002,380,202691,Klay Thompson,"('201939', '202691', '203110', '203952', '1629673')",FGA,1
267,22200002,382,2544,LeBron James,"('201939', '202691', '203110', '203952', '1629673')",FGA,1
268,22200002,395,203952,Andrew Wiggins,"('201939', '202691', '203110', '203952', '1629673')",FGA,1
269,22200002,397,201566,Russell Westbrook,"('201939', '202691', '203110', '203952', '1629673')",FGA,1
270,22200002,399,2544,LeBron James,"('201939', '202691', '203110', '203952', '1629673')",FGA,1
271,22200002,401,202691,Klay Thompson,"('201939', '202691', '203110', '203952', '1629673')",FGA,1
272,22200002,403,201566,Russell Westbrook,"('201939', '202691', '203110', '203952', '1629673')",FGA,1
273,22200002,408,201939,Stephen Curry,"('201939', '202691', '203110', '203952', '1629673')",FGA,1
274,22200002,409,1629022,Lonnie Walker IV,"('201939', '202691', '203110', '203952', '1629673')",FGA,1
275,22200002,411,202691,Klay Thompson,"('201939', '202691', '203110', '203952', '1629673')",FGA,1
276,22200002,431,202691,Klay Thompson,"('201939', '202691', '203110', '203952', '1626172')",FGA,1
277,22200002,433,202691,Klay Thompson,"('201939', '202691', '203110', '203952', '1626172')",FGA,1
278,22200002,435,1629134,Kendrick Nunn,"('201939', '202691', '203110', '203952', '1626172')",FGA,1
279,22200002,437,202691,Klay Thompson,"('201939', '202691', '203110', '203952', '1626172')",FGA,1
280,22200002,439,2544,LeBron James,"('201939', '202691', '203110', '203952', '1626172')",FGA,1
281,22200002,441,202691,Klay Thompson,"('201939', '202691', '203110', '203952', '1626172')",FGA,1
282,22200002,449,203952,Andrew Wiggins,"('201939', '202691', '203110', '203952', '1626172')",FGA,1
283,22200002,451,201566,Russell Westbrook,"('201939', '202691', '203110', '203952', '1626172')",FGA,1
284,22200002,455,1629022,Lonnie Walker IV,"('201939', '202691', '203110', '203952', '1626172')",FGA,1
285,22200002,457,203952,Andrew Wiggins,"('201939', '202691', '203110', '203952', '1626172')",FGA,1
286,22200002,459,1629134,Kendrick Nunn,"('201939', '202691', '203110', '203952', '1626172')",FGA,1
287,22200002,465,2544,LeBron James,"('201939', '202691', '203110', '203952', '1626172')",FGA,1
288,22200002,469,2544,LeBron James,"('201939', '202691', '203110', '203952', '1626172')",FGA,1
289,22200002,472,1626172,Kevon Looney,"('201939', '202691', '203110', '203952', '1626172')",FGA,1
290,22200002,474,203076,Anthony Davis,"('201939', '202691', '203110', '203952', '1626172')",FGA,1
291,22200002,477,203076,Anthony Davis,"('201939', '202691', '203110', '203952', '1626172')",FGA,1
292,22200002,479,201566,Russell Westbrook,"('201939', '202691', '203110', '203952', '1626172')",FGA,1
293,22200002,487,203952,Andrew Wiggins,"('201939', '202691', '203110', '203952', '1626172')",FGA,1
294,22200002,493,203110,Draymond Green,"('201939', '202691', '203110', '203952', '1626172')",FGA,1
295,22200002,504,203076,Anthony Davis,"('201939', '203110', '203952', '1626172', '1629673')",FGA,1
296,22200002,510,203076,Anthony Davis,"('201939', '203110', '203952', '1626172', '1629673')",FGA,1
297,22200002,514,1630559,Austin Reaves,"('201939', '203110', '203952', '1626172', '1629673')",FGA,1
298,22200002,516,1629673,Jordan Poole,"('201939', '203110', '203952', '1626172', '1629673')",FGA,1
299,22200002,521,203210,JaMychal Green,"('201939', '203210', '203952', '1626172', '1629673')",FGA,1
300,22200002,523,203076,Anthony Davis,"('201939', '203210', '203952', '1626172', '1629673')",FGA,1
301,22200002,525,201939,Stephen Curry,"('201939', '203210', '203952', '1626172', '1629673')",FGA,1
302,22200002,533,201976,Patrick Beverley,"('201939', '203210', '203952', '1626172', '1629673')",FGA,1
303,22200002,535,201939,Stephen Curry,"('201939', '203210', '203952', '1626172', '1629673')",FGA,1
304,22200002,539,1629673,Jordan Poole,"('201939', '203210', '203952', '1626172', '1629673')",FGA,1
305,22200002,541,1626172,Kevon Looney,"('201939', '203210', '203952', '1626172', '1629673')",FGA,1
306,22200002,543,203952,Andrew Wiggins,"('201939', '203210', '203952', '1626172', '1629673')",FGA,1
307,22200002,545,203076,Anthony Davis,"('201939', '203210', '203952', '1626172', '1629673')",FGA,1
308,22200002,547,201939,Stephen Curry,"('201939', '203210', '203952', '1626172', '1629673')",FGA,1
309,22200002,550,201939,Stephen Curry,"('201939', '203210', '203952', '1626172', '1629673')",FGA,1
310,22200002,552,1629673,Jordan Poole,"('201939', '203210', '203952', '1626172', '1629673')",FGA,1
311,22200002,564,1630346,Matt Ryan,"('201939', '203210', '1629673', '1630164', '1630228')",FGA,1
312,22200002,566,1630228,Jonathan Kuminga,"('201939', '203210', '1629673', '1630164', '1630228')",FGA,1
313,22200002,576,1630346,Matt Ryan,"('201939', '203210', '1629673', '1630164', '1630228')",FGA,1
314,22200002,578,1629673,Jordan Poole,"('201939', '203210', '1629673', '1630164', '1630228')",FGA,1
315,22200002,583,1630346,Matt Ryan,"('201939', '203210', '1629673', '1630164', '1630228')",FGA,1
316,22200002,585,1630164,James Wiseman,"('201939', '203210', '1629673', '1630164', '1630228')",FGA,1
317,22200002,593,1630228,Jonathan Kuminga,"('203210', '1628978', '1629673', '1630164', '1630228')",FGA,1
318,22200002,595,2544,LeBron James,"('203210', '1628978', '1629673', '1630164', '1630228')",FGA,1
319,22200002,604,2544,LeBron James,"('203210', '1628978', '1629673', '1630164', '1630228')",FGA,1
320,22200002,605,1629673,Jordan Poole,"('203210', '1628978', '1629673', '1630164', '1630228')",FGA,1
321,22200002,619,2544,LeBron James,"('202691', '203110', '203210', '1628978', '1629673')",FGA,1
322,22200002,621,1629673,Jordan Poole,"('202691', '203110', '203210', '1628978', '1629673')",FGA,1
323,22200002,623,1629022,Lonnie Walker IV,"('202691', '203110', '203210', '1628978', '1629673')",FGA,1
324,22200002,624,1629673,Jordan Poole,"('202691', '203110', '203210', '1628978', '1629673')",FGA,1
325,22200002,626,1629022,Lonnie Walker IV,"('202691', '203110', '203210', '1628978', '1629673')",FGA,1
326,22200002,629,202691,Klay Thompson,"('202691', '203110', '203210', '1628978', '1629673')",FGA,1
327,22200002,631,2544,LeBron James,"('202691', '203110', '203210', '1628978', '1629673')",FGA,1
328,22200002,633,1628978,Donte DiVincenzo,"('202691', '203110', '203210', '1628978', '1629673')",FGA,1
329,22200002,641,2544,LeBron James,"('202691', '203110', '203210', '1628978', '1629673')",FGA,1
330,22200002,646,1630559,Austin Reaves,"('202691', '203110', '203210', '1628978', '1629673')",FGA,1
331,22200002,648,1629022,Lonnie Walker IV,"('202691', '203110', '203210', '1628978', '1629673')",FGA,1
332,22200002,651,1629022,Lonnie Walker IV,"('202691', '203110', '203210', '1628978', '1629673')",FGA,1
333,22200002,653,2544,LeBron James,"('202691', '203110', '203210', '1628978', '1629673')",FGA,1
334,22200002,659,1628978,Donte DiVincenzo,"('202691', '203110', '203210', '1628978', '1629673')",FGA,1
335,22200002,661,1629134,Kendrick Nunn,"('202691', '203110', '203210', '1628978', '1629673')",FGA,1
336,22200002,663,203110,Draymond Green,"('202691', '203110', '203210', '1628978', '1629673')",FGA,1
337,22200002,668,1628978,Donte DiVincenzo,"('202691', '203110', '203210', '1628978', '1629673')",FGA,1
338,22200002,670,203210,JaMychal Green,"('202691', '203110', '203210', '1628978', '1629673')",FGA,1
339,22200002,672,203210,JaMychal Green,"('202691', '203110', '203210', '1628978', '1629673')",FGA,1
340,22200002,674,203210,JaMychal Green,"('202691', '203110', '203210', '1628978', '1629673')",FGA,1
341,22200002,675,201976,Patrick Beverley,"('202691', '203110', '203210', '1628978', '1629673')",FGA,1
342,22200002,677,1629673,Jordan Poole,"('202691', '203110', '203210', '1628978', '1629673')",FGA,1
343,22200002,679,1629134,Kendrick Nunn,"('202691', '203110', '203210', '1628978', '1629673')",FGA,1
344,22200002,680,202691,Klay Thompson,"('202691', '203110', '203210', '1628978', '1629673')",FGA,1
345,22200002,687,201939,Stephen Curry,"('201939', '203110', '203210', '203952', '1628978')",FGA,1
346,22200002,699,1626172,Kevon Looney,"('201939', '203210', '203952', '1626172', '1628978')",FGA,1
347,22200002,703,203076,Anthony Davis,"('201939', '203210', '203952', '1626172', '1628978')",FGA,1
348,22200002,707,1628978,Donte DiVincenzo,"('201939', '203210', '203952', '1626172', '1628978')",FGA,1
349,22200002,709,1629134,Kendrick Nunn,"('201939', '203210', '203952', '1626172', '1628978')",FGA,1
350,22200002,714,201566,Russell Westbrook,"('201939', '203210', '203952', '1626172', '1628978')",FGA,1
351,22200002,717,203952,Andrew Wiggins,"('201939', '203210', '203952', '1626172', '1628978')",FGA,1
352,22200002,719,203076,Anthony Davis,"('201939', '203210', '203952', '1626172', '1628978')",FGA,1
353,22200002,721,201939,Stephen Curry,"('201939', '203210', '203952', '1626172', '1628978')",FGA,1
354,22200002,723,2544,LeBron James,"('201939', '203210', '203952', '1626172', '1628978')",FGA,1
355,22200002,725,201939,Stephen Curry,"('201939', '203210', '203952', '1626172', '1628978')",FGA,1
356,22200002,726,1629134,Kendrick Nunn,"('201939', '203210', '203952', '1626172', '1628978')",FGA,1
357,22200002,728,201939,Stephen Curry,"('201939', '203210', '203952', '1626172', '1628978')",FGA,1
358,22200002,739,201939,Stephen Curry,"('201939', '203210', '203952', '1626172', '1628978')",FGA,1
359,22200002,741,203076,Anthony Davis,"('201939', '203210', '203952', '1626172', '1628978')",FGA,1
360,22200002,743,203952,Andrew Wiggins,"('201939', '203210', '203952', '1626172', '1628978')",FGA,1
361,22200002,744,201566,Russell Westbrook,"('201939', '203210', '203952', '1626172', '1628978')",FGA,1
362,22200002,745,203952,Andrew Wiggins,"('201939', '203210', '203952', '1626172', '1628978')",FGA,1
363,22200002,773,1630164,James Wiseman,"('1628978', '1630164', '1630228', '1630541', '1631157')",FGA,1
364,22200002,775,1631306,Cole Swider,"('1628978', '1630164', '1630228', '1630541', '1631157')",FGA,1
365,22200002,779,1631157,Ryan Rollins,"('1628978', '1630164', '1630228', '1630541', '1631157')",FGA,1
366,22200002,785,1630228,Jonathan Kuminga,"('1628978', '1630164', '1630228', '1630541', '1631157')",FGA,1
367,22200002,787,1631108,Max Christie,"('1628978', '1630164', '1630228', '1630541', '1631157')",FGA,1
368,22200002,18,202691,Klay Thompson,"('201939', '202691', '203110', '203952', '1626172')",FTA,1
369,22200002,19,202691,Klay Thompson,"('201939', '202691', '203110', '203952', '1626172')",FTA,1
370,22200002,20,202691,Klay Thompson,"('201939', '202691', '203110', '203952', '1626172')",FTA,1
371,22200002,43,1626172,Kevon Looney,"('201939', '202691', '203110', '203952', '1626172')",FTA,1
372,22200002,54,201939,Stephen Curry,"('201939', '202691', '203110', '203952', '1626172')",FTA,1
373,22200002,55,201939,Stephen Curry,"('201939', '202691', '203110', '203952', '1626172')",FTA,1
374,22200002,81,1630559,Austin Reaves,"('201939', '203110', '203952', '1626172', '1629673')",FTA,1
375,22200002,85,1629022,Lonnie Walker IV,"('201939', '203110', '203952', '1626172', '1629673')",FTA,1
376,22200002,87,1629022,Lonnie Walker IV,"('201939', '203110', '203952', '1626172', '1629673')",FTA,1
377,22200002,101,2544,LeBron James,"('201939', '203210', '203952', '1629673', '1630164')",FTA,1
378,22200002,128,203076,Anthony Davis,"('201939', '203210', '1629673', '1630164', '1630228')",FTA,1
379,22200002,129,203076,Anthony Davis,"('201939', '203210', '1629673', '1630164', '1630228')",FTA,1
380,22200002,142,203076,Anthony Davis,"('201939', '203210', '1629673', '1630164', '1630228')",FTA,1
381,22200002,181,1628978,Donte DiVincenzo,"('203210', '1628978', '1629673', '1630164', '1630228')",FTA,1
382,22200002,183,1628978,Donte DiVincenzo,"('203210', '1628978', '1629673', '1630164', '1630228')",FTA,1
383,22200002,191,1630164,James Wiseman,"('203210', '1628978', '1629673', '1630164', '1630228')",FTA,1
384,22200002,195,1630164,James Wiseman,"('203210', '1628978', '1629673', '1630164', '1630228')",FTA,1
385,22200002,204,1629673,Jordan Poole,"('203210', '1628978', '1629673', '1630164', '1630228')",FTA,1
386,22200002,205,1629673,Jordan Poole,"('203210', '1628978', '1629673', '1630164', '1630228')",FTA,1
387,22200002,291,1630164,James Wiseman,"('201939', '203952', '1628978', '1630164', '1630541')",FTA,1
388,22200002,301,1630164,James Wiseman,"('201939', '203952', '1628978', '1630164', '1630541')",FTA,1
389,22200002,333,201939,Stephen Curry,"('201939', '203110', '203952', '1626172', '1630541')",FTA,1
390,22200002,355,201939,Stephen Curry,"('201939', '202691', '203110', '203952', '1629673')",FTA,1
391,22200002,385,2544,LeBron James,"('201939', '202691', '203110', '203952', '1629673')",FTA,1
392,22200002,388,201939,Stephen Curry,"('201939', '202691', '203110', '203952', '1629673')",FTA,1
393,22200002,389,201939,Stephen Curry,"('201939', '202691', '203110', '203952', '1629673')",FTA,1
394,22200002,392,203076,Anthony Davis,"('201939', '202691', '203110', '203952', '1629673')",FTA,1
395,22200002,394,203076,Anthony Davis,"('201939', '202691', '203110', '203952', '1629673')",FTA,1
396,22200002,406,201566,Russell Westbrook,"('201939', '202691', '203110', '203952', '1629673')",FTA,1
397,22200002,415,2544,LeBron James,"('201939', '202691', '203110', '203952', '1629673')",FTA,1
398,22200002,418,2544,LeBron James,"('201939', '202691', '203110', '1626172', '1629673')",FTA,1
399,22200002,447,203076,Anthony Davis,"('201939', '202691', '203110', '203952', '1626172')",FTA,1
400,22200002,448,203076,Anthony Davis,"('201939', '202691', '203110', '203952', '1626172')",FTA,1
401,22200002,463,201939,Stephen Curry,"('201939', '202691', '203110', '203952', '1626172')",FTA,1
402,22200002,464,201939,Stephen Curry,"('201939', '202691', '203110', '203952', '1626172')",FTA,1
403,22200002,483,202691,Klay Thompson,"('201939', '202691', '203110', '203952', '1626172')",FTA,1
404,22200002,484,202691,Klay Thompson,"('201939', '202691', '203110', '203952', '1626172')",FTA,1
405,22200002,589,201566,Russell Westbrook,"('201939', '203210', '1629673', '1630164', '1630228')",FTA,1
406,22200002,592,201566,Russell Westbrook,"('203210', '1628978', '1629673', '1630164', '1630228')",FTA,1
407,22200002,695,203076,Anthony Davis,"('201939', '203110', '203210', '203952', '1628978')",FTA,1
408,22200002,698,203076,Anthony Davis,"('201939', '203210', '203952', '1626172', '1628978')",FTA,1
409,22200002,734,201939,Stephen Curry,"('201939', '203210', '203952', '1626172', '1628978')",FTA,1
410,22200002,737,201566,Russell Westbrook,"('201939', '203210', '203952', '1626172', '1628978')",FTA,1
411,22200002,738,201566,Russell Westbrook,"('201939', '203210', '203952', '1626172', '1628978')",FTA,1
412,22200002,768,1629117,Wenyen Gabriel,"('1628978', '1630164', '1630228', '1630541', '1631157')",FTA,1
413,22200002,770,1629117,Wenyen Gabriel,"('1628978', '1630164', '1630228', '1630541', '1631157')",FTA,1
414,22200002,783,1630590,Scotty Pippen Jr.,"('1628978', '1630164', '1630228', '1630541', '1631157')",FTA,1
415,22200002,784,1630590,Scotty Pippen Jr.,"('1628978', '1630164', '1630228', '1630541', '1631157')",FTA,1
416,22200002,12,201976,Patrick Beverley,"('201939', '202691', '203110', '203952', '1626172')",3PA,1
417,22200002,31,201976,Patrick Beverley,"('201939', '202691', '203110', '203952', '1626172')",3PA,1
418,22200002,35,2544,LeBron James,"('201939', '202691', '203110', '203952', '1626172')",3PA,1
419,22200002,48,202691,Klay Thompson,"('201939', '202691', '203110', '203952', '1626172')",3PA,1
420,22200002,68,201939,Stephen Curry,"('201939', '203110', '203952', '1626172', '1629673')",3PA,1
421,22200002,70,201566,Russell Westbrook,"('201939', '203110', '203952', '1626172', '1629673')",3PA,1
422,22200002,82,1629673,Jordan Poole,"('201939', '203110', '203952', '1626172', '1629673')",3PA,1
423,22200002,91,1629673,Jordan Poole,"('201939', '203110', '203952', '1626172', '1629673')",3PA,1
424,22200002,102,201939,Stephen Curry,"('201939', '203210', '203952', '1629673', '1630164')",3PA,1
425,22200002,106,203210,JaMychal Green,"('201939', '203210', '203952', '1629673', '1630164')",3PA,1
426,22200002,108,1629134,Kendrick Nunn,"('201939', '203210', '203952', '1629673', '1630164')",3PA,1
427,22200002,114,1629673,Jordan Poole,"('201939', '203210', '203952', '1629673', '1630164')",3PA,1
428,22200002,132,201939,Stephen Curry,"('201939', '203210', '1629673', '1630164', '1630228')",3PA,1
429,22200002,148,1629673,Jordan Poole,"('201939', '203210', '1629673', '1630164', '1630228')",3PA,1
430,22200002,154,203210,JaMychal Green,"('201939', '203210', '1629673', '1630164', '1630228')",3PA,1
431,22200002,163,1629308,Juan Toscano-Anderson,"('203210', '1628978', '1629673', '1630164', '1630228')",3PA,1
432,22200002,169,1629134,Kendrick Nunn,"('203210', '1628978', '1629673', '1630164', '1630228')",3PA,1
433,22200002,177,1629308,Juan Toscano-Anderson,"('203210', '1628978', '1629673', '1630164', '1630228')",3PA,1
434,22200002,187,2544,LeBron James,"('203210', '1628978', '1629673', '1630164', '1630228')",3PA,1
435,22200002,210,1629308,Juan Toscano-Anderson,"('203210', '1628978', '1629673', '1630164', '1630228')",3PA,1
436,22200002,215,201939,Stephen Curry,"('201939', '203210', '1628978', '1629673', '1630164')",3PA,1
437,22200002,238,201976,Patrick Beverley,"('203210', '1628978', '1629673', '1630164', '1630228')",3PA,1
438,22200002,243,2544,LeBron James,"('203210', '1628978', '1629673', '1630164', '1630228')",3PA,1
439,22200002,245,1629022,Lonnie Walker IV,"('203210', '1628978', '1629673', '1630164', '1630228')",3PA,1
440,22200002,255,2544,LeBron James,"('1628978', '1629673', '1630164', '1630228', '1630541')",3PA,1
441,22200002,261,1630541,Moses Moody,"('1628978', '1629673', '1630164', '1630228', '1630541')",3PA,1
442,22200002,263,2544,LeBron James,"('1628978', '1629673', '1630164', '1630228', '1630541')",3PA,1
443,22200002,268,1630346,Matt Ryan,"('1628978', '1629673', '1630164', '1630228', '1630541')",3PA,1
444,22200002,281,203952,Andrew Wiggins,"('201939', '203952', '1628978', '1630164', '1630541')",3PA,1
445,22200002,285,1630541,Moses Moody,"('201939', '203952', '1628978', '1630164', '1630541')",3PA,1
446,22200002,303,203076,Anthony Davis,"('201939', '203110', '203952', '1630164', '1630541')",3PA,1
447,22200002,318,1630541,Moses Moody,"('201939', '203110', '203952', '1626172', '1630541')",3PA,1
448,22200002,320,203076,Anthony Davis,"('201939', '203110', '203952', '1626172', '1630541')",3PA,1
449,22200002,328,203952,Andrew Wiggins,"('201939', '203110', '203952', '1626172', '1630541')",3PA,1
450,22200002,340,1629134,Kendrick Nunn,"('201939', '202691', '203110', '203952', '1629673')",3PA,1
451,22200002,363,202691,Klay Thompson,"('201939', '202691', '203110', '203952', '1629673')",3PA,1
452,22200002,368,201939,Stephen Curry,"('201939', '202691', '203110', '203952', '1629673')",3PA,1
453,22200002,370,203076,Anthony Davis,"('201939', '202691', '203110', '203952', '1629673')",3PA,1
454,22200002,378,201566,Russell Westbrook,"('201939', '202691', '203110', '203952', '1629673')",3PA,1
455,22200002,395,203952,Andrew Wiggins,"('201939', '202691', '203110', '203952', '1629673')",3PA,1
456,22200002,411,202691,Klay Thompson,"('201939', '202691', '203110', '203952', '1629673')",3PA,1
457,22200002,435,1629134,Kendrick Nunn,"('201939', '202691', '203110', '203952', '1626172')",3PA,1
458,22200002,439,2544,LeBron James,"('201939', '202691', '203110', '203952', '1626172')",3PA,1
459,22200002,441,202691,Klay Thompson,"('201939', '202691', '203110', '203952', '1626172')",3PA,1
460,22200002,455,1629022,Lonnie Walker IV,"('201939', '202691', '203110', '203952', '1626172')",3PA,1
461,22200002,459,1629134,Kendrick Nunn,"('201939', '202691', '203110', '203952', '1626172')",3PA,1
462,22200002,479,201566,Russell Westbrook,"('201939', '202691', '203110', '203952', '1626172')",3PA,1
463,22200002,514,1630559,Austin Reaves,"('201939', '203110', '203952', '1626172', '1629673')",3PA,1
464,22200002,516,1629673,Jordan Poole,"('201939', '203110', '203952', '1626172', '1629673')",3PA,1
465,22200002,521,203210,JaMychal Green,"('201939', '203210', '203952', '1626172', '1629673')",3PA,1
466,22200002,525,201939,Stephen Curry,"('201939', '203210', '203952', '1626172', '1629673')",3PA,1
467,22200002,533,201976,Patrick Beverley,"('201939', '203210', '203952', '1626172', '1629673')",3PA,1
468,22200002,535,201939,Stephen Curry,"('201939', '203210', '203952', '1626172', '1629673')",3PA,1
469,22200002,543,203952,Andrew Wiggins,"('201939', '203210', '203952', '1626172', '1629673')",3PA,1
470,22200002,547,201939,Stephen Curry,"('201939', '203210', '203952', '1626172', '1629673')",3PA,1
471,22200002,550,201939,Stephen Curry,"('201939', '203210', '203952', '1626172', '1629673')",3PA,1
472,22200002,552,1629673,Jordan Poole,"('201939', '203210', '203952', '1626172', '1629673')",3PA,1
473,22200002,564,1630346,Matt Ryan,"('201939', '203210', '1629673', '1630164', '1630228')",3PA,1
474,22200002,578,1629673,Jordan Poole,"('201939', '203210', '1629673', '1630164', '1630228')",3PA,1
475,22200002,583,1630346,Matt Ryan,"('201939', '203210', '1629673', '1630164', '1630228')",3PA,1
476,22200002,593,1630228,Jonathan Kuminga,"('203210', '1628978', '1629673', '1630164', '1630228')",3PA,1
477,22200002,604,2544,LeBron James,"('203210', '1628978', '1629673', '1630164', '1630228')",3PA,1
478,22200002,619,2544,LeBron James,"('202691', '203110', '203210', '1628978', '1629673')",3PA,1
479,22200002,624,1629673,Jordan Poole,"('202691', '203110', '203210', '1628978', '1629673')",3PA,1
480,22200002,626,1629022,Lonnie Walker IV,"('202691', '203110', '203210', '1628978', '1629673')",3PA,1
481,22200002,629,202691,Klay Thompson,"('202691', '203110', '203210', '1628978', '1629673')",3PA,1
482,22200002,633,1628978,Donte DiVincenzo,"('202691', '203110', '203210', '1628978', '1629673')",3PA,1
483,22200002,641,2544,LeBron James,"('202691', '203110', '203210', '1628978', '1629673')",3PA,1
484,22200002,646,1630559,Austin Reaves,"('202691', '203110', '203210', '1628978', '1629673')",3PA,1
485,22200002,675,201976,Patrick Beverley,"('202691', '203110', '203210', '1628978', '1629673')",3PA,1
486,22200002,677,1629673,Jordan Poole,"('202691', '203110', '203210', '1628978', '1629673')",3PA,1
487,22200002,679,1629134,Kendrick Nunn,"('202691', '203110', '203210', '1628978', '1629673')",3PA,1
488,22200002,680,202691,Klay Thompson,"('202691', '203110', '203210', '1628978', '1629673')",3PA,1
489,22200002,687,201939,Stephen Curry,"('201939', '203110', '203210', '203952', '1628978')",3PA,1
490,22200002,707,1628978,Donte DiVincenzo,"('201939', '203210', '203952', '1626172', '1628978')",3PA,1
491,22200002,717,203952,Andrew Wiggins,"('201939', '203210', '203952', '1626172', '1628978')",3PA,1
492,22200002,721,201939,Stephen Curry,"('201939', '203210', '203952', '1626172', '1628978')",3PA,1
493,22200002,723,2544,LeBron James,"('201939', '203210', '203952', '1626172', '1628978')",3PA,1
494,22200002,728,201939,Stephen Curry,"('201939', '203210', '203952', '1626172', '1628978')",3PA,1
495,22200002,739,201939,Stephen Curry,"('201939', '203210', '203952', '1626172', '1628978')",3PA,1
496,22200002,743,203952,Andrew Wiggins,"('201939', '203210', '203952', '1626172', '1628978')",3PA,1
497,22200002,745,203952,Andrew Wiggins,"('201939', '203210', '203952', '1626172', '1628978')",3PA,1
498,22200002,775,1631306,Cole Swider,"('1628978', '1630164', '1630228', '1630541', '1631157')",3PA,1
499,22200002,785,1630228,Jonathan Kuminga,"('1628978', '1630164', '1630228', '1630541', '1631157')",3PA,1
500,22200002,787,1631108,Max Christie,"('1628978', '1630164', '1630228', '1630541', '1631157')",3PA,1
501,22200002,27,201939,Stephen Curry,"('201939', '202691', '203110', '203952', '1626172')",STL,1
502,22200002,72,201566,Russell Westbrook,"('201939', '203110', '203952', '1626172', '1629673')",STL,1
503,22200002,89,201939,Stephen Curry,"('201939', '203110', '203952', '1626172', '1629673')",STL,1
504,22200002,110,203076,Anthony Davis,"('201939', '203210', '203952', '1629673', '1630164')",STL,1
505,22200002,112,1629673,Jordan Poole,"('201939', '203210', '203952', '1629673', '1630164')",STL,1
506,22200002,137,203076,Anthony Davis,"('201939', '203210', '1629673', '1630164', '1630228')",STL,1
507,22200002,152,203210,JaMychal Green,"('201939', '203210', '1629673', '1630164', '1630228')",STL,1
508,22200002,231,1630346,Matt Ryan,"('203210', '1628978', '1629673', '1630164', '1630228')",STL,1
509,22200002,259,1628978,Donte DiVincenzo,"('1628978', '1629673', '1630164', '1630228', '1630541')",STL,1
510,22200002,366,202691,Klay Thompson,"('201939', '202691', '203110', '203952', '1629673')",STL,1
511,22200002,467,1629022,Lonnie Walker IV,"('201939', '202691', '203110', '203952', '1626172')",STL,1
512,22200002,485,1626172,Kevon Looney,"('201939', '202691', '203110', '203952', '1626172')",STL,1
513,22200002,489,203952,Andrew Wiggins,"('201939', '202691', '203110', '203952', '1626172')",STL,1
514,22200002,496,1629134,Kendrick Nunn,"('201939', '202691', '203110', '203952', '1626172')",STL,1
515,22200002,491,201939,Stephen Curry,"('201939', '202691', '203110', '203952', '1626172')",STL,1
516,22200002,512,203076,Anthony Davis,"('201939', '203110', '203952', '1626172', '1629673')",STL,1
517,22200002,608,201939,Stephen Curry,"('201939', '203210', '203952', '1626172', '1629673')",STL,1
518,22200002,596,201976,Patrick Beverley,"('203210', '1628978', '1629673', '1630164', '1630228')",STL,1
519,22200002,599,201976,Patrick Beverley,"('203210', '1628978', '1629673', '1630164', '1630228')",STL,1
520,22200002,644,201976,Patrick Beverley,"('202691', '203110', '203210', '1628978', '1629673')",STL,1
521,22200002,666,1629673,Jordan Poole,"('202691', '203110', '203210', '1628978', '1629673')",STL,1
522,22200002,704,201976,Patrick Beverley,"('201939', '203210', '203952', '1626172', '1628978')",STL,1
523,22200002,712,203076,Anthony Davis,"('201939', '203210', '203952', '1626172', '1628978')",STL,1
524,22200002,61,1629022,Lonnie Walker IV,"('201939', '202691', '203110', '203952', '1626172')",BLK,1
525,22200002,143,203076,Anthony Davis,"('201939', '203210', '1629673', '1630164', '1630228')",BLK,1
526,22200002,184,1630164,James Wiseman,"('203210', '1628978', '1629673', '1630164', '1630228')",BLK,1
527,22200002,791,1630228,Jonathan Kuminga,"('203210', '1628978', '1629673', '1630164', '1630228')",BLK,1
528,22200002,451,203952,Andrew Wiggins,"('201939', '202691', '203110', '203952', '1626172')",BLK,1
529,22200002,504,201939,Stephen Curry,"('201939', '203110', '203952', '1626172', '1629673')",BLK,1
530,22200002,547,201976,Patrick Beverley,"('201939', '203210', '203952', '1626172', '1629673')",BLK,1
531,22200002,663,201976,Patrick Beverley,"('202691', '203110', '203210', '1628978', '1629673')",BLK,1
532,22200002,27,201566,Russell Westbrook,"('201939', '202691', '203110', '203952', '1626172')",TOV,1
533,22200002,65,1629022,Lonnie Walker IV,"('201939', '202691', '203110', '203952', '1626172')",TOV,1
534,22200002,72,201939,Stephen Curry,"('201939', '203110', '203952', '1626172', '1629673')",TOV,1
535,22200002,89,1629134,Kendrick Nunn,"('201939', '203110', '203952', '1626172', '1629673')",TOV,1
536,22200002,110,1629673,Jordan Poole,"('201939', '203210', '203952', '1629673', '1630164')",TOV,1
537,22200002,112,203076,Anthony Davis,"('201939', '203210', '203952', '1629673', '1630164')",TOV,1
538,22200002,137,201939,Stephen Curry,"('201939', '203210', '1629673', '1630164', '1630228')",TOV,1
539,22200002,152,203076,Anthony Davis,"('201939', '203210', '1629673', '1630164', '1630228')",TOV,1
540,22200002,162,1628978,Donte DiVincenzo,"('203210', '1628978', '1629673', '1630164', '1630228')",TOV,1
541,22200002,171,1630228,Jonathan Kuminga,"('203210', '1628978', '1629673', '1630164', '1630228')",TOV,1
542,22200002,176,1629673,Jordan Poole,"('203210', '1628978', '1629673', '1630164', '1630228')",TOV,1
543,22200002,217,201566,Russell Westbrook,"('203210', '1628978', '1629673', '1630164', '1630228')",TOV,1
544,22200002,212,1610612747,,"('203210', '1628978', '1629673', '1630164', '1630228')",TOV,1
545,22200002,231,1630228,Jonathan Kuminga,"('203210', '1628978', '1629673', '1630164', '1630228')",TOV,1
546,22200002,259,2544,LeBron James,"('1628978', '1629673', '1630164', '1630228', '1630541')",TOV,1
547,22200002,272,1628978,Donte DiVincenzo,"('1628978', '1629673', '1630164', '1630228', '1630541')",TOV,1
548,22200002,275,2544,LeBron James,"('201939', '1628978', '1630164', '1630228', '1630541')",TOV,1
549,22200002,344,1629308,Juan Toscano-Anderson,"('201939', '202691', '203110', '203952', '1629673')",TOV,1
550,22200002,366,1629134,Kendrick Nunn,"('201939', '202691', '203110', '203952', '1629673')",TOV,1
551,22200002,467,201939,Stephen Curry,"('201939', '202691', '203110', '203952', '1626172')",TOV,1
552,22200002,485,201566,Russell Westbrook,"('201939', '202691', '203110', '203952', '1626172')",TOV,1
553,22200002,489,2544,LeBron James,"('201939', '202691', '203110', '203952', '1626172')",TOV,1
554,22200002,496,203952,Andrew Wiggins,"('201939', '202691', '203110', '203952', '1626172')",TOV,1
555,22200002,491,1629134,Kendrick Nunn,"('201939', '202691', '203110', '203952', '1626172')",TOV,1
556,22200002,512,203110,Draymond Green,"('201939', '203110', '203952', '1626172', '1629673')",TOV,1
557,22200002,518,2544,LeBron James,"('201939', '203110', '203952', '1626172', '1629673')",TOV,1
558,22200002,573,1630346,Matt Ryan,"('201939', '203210', '203952', '1626172', '1629673')",TOV,1
559,22200002,542,201976,Patrick Beverley,"('201939', '203210', '203952', '1626172', '1629673')",TOV,1
560,22200002,608,1629308,Juan Toscano-Anderson,"('201939', '203210', '203952', '1626172', '1629673')",TOV,1
561,22200002,596,1629673,Jordan Poole,"('203210', '1628978', '1629673', '1630164', '1630228')",TOV,1
562,22200002,598,201566,Russell Westbrook,"('203210', '1628978', '1629673', '1630164', '1630228')",TOV,1
563,22200002,599,1628978,Donte DiVincenzo,"('203210', '1628978', '1629673', '1630164', '1630228')",TOV,1
564,22200002,637,202691,Klay Thompson,"('202691', '203110', '203210', '1628978', '1629673')",TOV,1
565,22200002,644,202691,Klay Thompson,"('202691', '203110', '203210', '1628978', '1629673')",TOV,1
566,22200002,650,1629673,Jordan Poole,"('202691', '203110', '203210', '1628978', '1629673')",TOV,1
567,22200002,666,1629022,Lonnie Walker IV,"('202691', '203110', '203210', '1628978', '1629673')",TOV,1
568,22200002,684,203076,Anthony Davis,"('202691', '203110', '203210', '1628978', '1629673')",TOV,1
569,22200002,704,201939,Stephen Curry,"('201939', '203210', '203952', '1626172', '1628978')",TOV,1
570,22200002,706,2544,LeBron James,"('201939', '203210', '203952', '1626172', '1628978')",TOV,1
571,22200002,712,1628978,Donte DiVincenzo,"('201939', '203210', '203952', '1626172', '1628978')",TOV,1
572,22200002,7,1626172,Kevon Looney,"('201939', '202691', '203110', '203952', '1626172')",PF,1
573,22200002,16,201976,Patrick Beverley,"('201939', '202691', '203110', '203952', '1626172')",PF,1
574,22200002,39,201976,Patrick Beverley,"('201939', '202691', '203110', '203952', '1626172')",PF,1
575,22200002,52,2544,LeBron James,"('201939', '202691', '203110', '203952', '1626172')",PF,1
576,22200002,76,1629673,Jordan Poole,"('201939', '203110', '203952', '1626172', '1629673')",PF,1
577,22200002,83,203110,Draymond Green,"('201939', '203110', '203952', '1626172', '1629673')",PF,1
578,22200002,99,1630164,James Wiseman,"('201939', '203210', '203952', '1629673', '1630164')",PF,1
579,22200002,120,1629673,Jordan Poole,"('201939', '203210', '203952', '1629673', '1630164')",PF,1
580,22200002,140,201939,Stephen Curry,"('201939', '203210', '1629673', '1630164', '1630228')",PF,1
581,22200002,156,1629308,Juan Toscano-Anderson,"('201939', '203210', '1629673', '1630164', '1630228')",PF,1
582,22200002,179,1629117,Wenyen Gabriel,"('203210', '1628978', '1629673', '1630164', '1630228')",PF,1
583,22200002,189,1629117,Wenyen Gabriel,"('203210', '1628978', '1629673', '1630164', '1630228')",PF,1
584,22200002,201,1629134,Kendrick Nunn,"('203210', '1628978', '1629673', '1630164', '1630228')",PF,1
585,22200002,241,1630228,Jonathan Kuminga,"('203210', '1628978', '1629673', '1630164', '1630228')",PF,1
586,22200002,257,1630228,Jonathan Kuminga,"('1628978', '1629673', '1630164', '1630228', '1630541')",PF,1
587,22200002,270,1628978,Donte DiVincenzo,"('1628978', '1629673', '1630164', '1630228', '1630541')",PF,1
588,22200002,289,2544,LeBron James,"('201939', '203952', '1628978', '1630164', '1630541')",PF,1
589,22200002,314,201976,Patrick Beverley,"('201939', '203110', '203952', '1626172', '1630541')",PF,1
590,22200002,331,201566,Russell Westbrook,"('201939', '203110', '203952', '1626172', '1630541')",PF,1
591,22200002,342,202691,Klay Thompson,"('201939', '202691', '203110', '203952', '1629673')",PF,1
592,22200002,347,1630559,Austin Reaves,"('201939', '202691', '203110', '203952', '1629673')",PF,1
593,22200002,383,203952,Andrew Wiggins,"('201939', '202691', '203110', '203952', '1629673')",PF,1
594,22200002,386,1630346,Matt Ryan,"('201939', '202691', '203110', '203952', '1629673')",PF,1
595,22200002,390,203952,Andrew Wiggins,"('201939', '202691', '203110', '203952', '1629673')",PF,1
596,22200002,404,202691,Klay Thompson,"('201939', '202691', '203110', '203952', '1629673')",PF,1
597,22200002,413,203952,Andrew Wiggins,"('201939', '202691', '203110', '203952', '1629673')",PF,1
598,22200002,427,201976,Patrick Beverley,"('201939', '202691', '203110', '203952', '1626172')",PF,1
599,22200002,445,1626172,Kevon Looney,"('201939', '202691', '203110', '203952', '1626172')",PF,1
600,22200002,461,203076,Anthony Davis,"('201939', '202691', '203110', '203952', '1626172')",PF,1
601,22200002,481,1629134,Kendrick Nunn,"('201939', '202691', '203110', '203952', '1626172')",PF,1
602,22200002,554,203210,JaMychal Green,"('201939', '203210', '203952', '1626172', '1629673')",PF,1
603,22200002,587,1630164,James Wiseman,"('201939', '203210', '1629673', '1630164', '1630228')",PF,1
604,22200002,635,202691,Klay Thompson,"('202691', '203110', '203210', '1628978', '1629673')",PF,1
605,22200002,682,203076,Anthony Davis,"('202691', '203110', '203210', '1628978', '1629673')",PF,1
606,22200002,693,1628978,Donte DiVincenzo,"('201939', '203110', '203210', '203952', '1628978')",PF,1
607,22200002,701,203952,Andrew Wiggins,"('201939', '203210', '203952', '1626172', '1628978')",PF,1
608,22200002,730,201976,Patrick Beverley,"('201939', '203210', '203952', '1626172', '1628978')",PF,1
609,22200002,735,203952,Andrew Wiggins,"('201939', '203210', '203952', '1626172', '1628978')",PF,1
610,22200002,766,1631157,Ryan Rollins,"('1628978', '1630164', '1630228', '1630541', '1631157')",PF,1
611,22200002,777,1630346,Matt Ryan,"('1628978', '1630164', '1630228', '1630541', '1631157')",PF,1
612,22200002,781,1631157,Ryan Rollins,"('1628978', '1630164', '1630228', '1630541', '1631157')",PF,1
